per_edivaldo,lat,ze,bairro,lon,edivaldo,branco,validos,NOM_LOCAL,nulo,braide,_id,local
0.48917748917748916,-2.548606,91,ANJO DA GUARDA,-44.329849,113,3,231,U.E.B CONEGO SIDNEY CASTELO BRANCO FURTADO,6,118,"{u'ze': 91, u'local': 1449}",1449
0.5522388059701493,-2.56049,91,ANJO DA GUARDA,-44.32783,814,15,1474,EDUCANDÁRIO FÊNIX,32,660,"{u'ze': 91, u'local': 1392}",1392
0.48984771573604063,-2.59147,91,CIDADE NOVA,-44.31122,579,18,1182,UNIDADE INTEGRADA JOAO DO VALE,19,603,"{u'ze': 91, u'local': 1384}",1384
0.36630434782608695,-2.53781,91,VILA NOVA,-44.32637,337,11,920,ESCOLA COMUNITARIA MARIANA,28,583,"{u'ze': 91, u'local': 1376}",1376
0.6607843137254902,-2.544214,91,VILA ISABEL,-44.319566,674,9,1020,UNIDADE INTEGRADA LINDALVA TEOTONIO NUNES,21,346,"{u'ze': 91, u'local': 1368}",1368
0.5089285714285714,-2.54171,91,VILA MAURO FECURY I,-44.33297,741,23,1456,UNIDADE ESCOLAR CARLOS SAADS,30,715,"{u'ze': 91, u'local': 1341}",1341
0.4784437434279706,-2.55732,91,VILA BACANGA,-44.31266,455,13,951,UNIDADE ESCOLAR RAIMUNDO CHAVES,15,496,"{u'ze': 91, u'local': 1333}",1333
0.6041247484909457,-2.56486,91,VILA EMBRATEL,-44.31082,2402,62,3976,COMP. ED. DE ENSINO FUNDAMENTAL E MEDIO PROF.DAYSE GALVAO DE SOUSA,64,1574,"{u'ze': 91, u'local': 1325}",1325
0.54,-2.55841,91,ANJO DA GUARDA,-44.33354,324,13,600,U. E. B. ANJO DA GUARDA,8,276,"{u'ze': 91, u'local': 1317}",1317
0.5721102863202545,-2.546,91,ALTO ESPERANCA,-44.311771,1079,27,1886,UNIDADE INTEGRADA ODILO COSTA FILHO,25,807,"{u'ze': 91, u'local': 1287}",1287
0.5308056872037915,-2.557849,91,SA VIANA,-44.306563,224,5,422,JARDIM DE INFANCIA MARIA DE JESUS CARVALHO,16,198,"{u'ze': 91, u'local': 1279}",1279
0.5970790378006873,-2.56586,91,VILA ISABEL,-44.32076,695,22,1164,UNIDADE DE ENSINO BÁSICO PROFA. ROSÁLIA FREIRE,27,469,"{u'ze': 91, u'local': 1210}",1210
0.5353817504655494,-2.550563,91,SAO RAIMUNDO,-44.328892,575,17,1074,UNIAO DOS MORADORES DE SAO RAIMUNDO,21,499,"{u'ze': 91, u'local': 1147}",1147
0.4586513994910941,-2.53872,91,VILA NOVA,-44.32856,721,28,1572,ESCOLA ENOC VIEIRA,26,851,"{u'ze': 91, u'local': 1228}",1228
0.6001824262693828,-2.56758,91,VILA EMBRATEL,-44.31062,1974,32,3289,UNIDADE INTEGRADA VILA EMBRATEL,89,1315,"{u'ze': 91, u'local': 1104}",1104
0.5873233014135887,-2.56723,91,VILA EMBRATEL,-44.31082,1288,27,2193,UNIDADE ESCOLAR FRANCISCO DE A. XIMENES A FILHO,43,905,"{u'ze': 91, u'local': 1090}",1090
0.5110326566637247,-2.549833,91,VILA SAO LUIS,-44.33016,579,8,1133,UNIDADE INTEGRADA CRUZEIRO DO SUL,11,554,"{u'ze': 91, u'local': 1112}",1112
0.4329580348004094,-2.52903,91,VILA NOVA,-44.32596,423,6,977,UNIDADE ESCOLAR DR AQUILES LISBOA,11,554,"{u'ze': 91, u'local': 1066}",1066
0.5515621329574818,-2.56203,91,ANJO DA GUARDA,-44.33087,2348,58,4257,GRUPO ESCOLAR JAPIACU,90,1909,"{u'ze': 91, u'local': 1040}",1040
0.5385762206485277,-2.56406,91,ANJO DA GUARDA,-44.3312,1445,45,2683,COLEGIO DOUTOR CARLOS MADEIRA,70,1238,"{u'ze': 91, u'local': 1023}",1023
0.5108695652173914,-2.723358,90,INHAUMA,-44.330069,47,0,92,UEB LUZ DIVINA,2,45,"{u'ze': 90, u'local': 1503}",1503
0.6042154566744731,-2.59709,90,VILA CASCAVEL,-44.22112,2064,61,3416,UNIDADE INTEGRADA DOM JOSE DELGADO,76,1352,"{u'ze': 90, u'local': 1481}",1481
0.49317073170731707,-2.61397,90,TIBIRI,-44.24782,1011,21,2050,COLEGIO JUVENCIO MATOS,27,1039,"{u'ze': 90, u'local': 1473}",1473
0.48607367475292,-2.61344,90,TIBIRI,-44.24129,541,25,1113,COLEGIO SALOMAO FIQUENE,24,572,"{u'ze': 90, u'local': 1449}",1449
0.47214854111405835,-2.696331,90,QUEBRAPOTE,-44.218056,890,25,1885,COLEGIO ROSILDA CORDEIRO,30,995,"{u'ze': 90, u'local': 1430}",1430
0.6841477949940405,-2.60796,90,SAO RAIMUNDO,-44.22076,574,3,839,UNIDADE ESCOLAR SARAIVA FILHO,7,265,"{u'ze': 90, u'local': 1422}",1422
0.5622377622377622,-2.66343,90,RIO GRANDE,-44.28498,402,13,715,UNIDADE INTEGRADA URUATI,17,313,"{u'ze': 90, u'local': 1414}",1414
0.5922330097087378,-2.69176,90,TAUAMIRIM,-44.30439,122,4,206,COLEGIO NOSSA SENHORA DAS MERCES,7,84,"{u'ze': 90, u'local': 1309}",1309
0.363914373088685,-2.66019,90,PORTO GRANDE,-44.35569,119,5,327,UNIDADE ESCOLAR JOSEFINA SERRAO,1,208,"{u'ze': 90, u'local': 1295}",1295
0.6609574000878349,-2.6104,90,VILA SARNEY,-44.24759,1505,45,2277,UNIDADE ESCOLAR PROFESSOR ELZEBERTO MARTINS,46,772,"{u'ze': 90, u'local': 1252}",1252
0.6799802761341223,-2.64565,90,VILA NOVA REPUBLICA,-44.27722,1379,20,2028,UNIDADE ESCOLAR NOVA REPUBLICA,43,649,"{u'ze': 90, u'local': 1210}",1210
0.5163283318623124,-2.72824,90,COQUEIRO,-44.35931,585,23,1133,UNIDADE INTEGRADA HORTENCIA PINHO,19,548,"{u'ze': 90, u'local': 1198}",1198
0.4905832320777643,-2.6103,90,VILA ESPERANCA,-44.26606,1615,57,3292,ESCOLA AGROTECNICA,72,1677,"{u'ze': 90, u'local': 1139}",1139
0.4438979403627421,-2.62116,90,VILA MARANHAO,-44.31733,1444,60,3253,COLEGIO GOMES DE SOUSA - ZONA URBANA,41,1809,"{u'ze': 90, u'local': 1120}",1120
0.5480868665977249,-2.55751,90,SACAVEM,-44.25333,1060,31,1934,UNIDADE ESCOLAR ESTADO DO CEARA,65,874,"{u'ze': 90, u'local': 1104}",1104
0.5751222921034241,-2.62877,90,MARACANA,-44.28995,1646,39,2862,UNIDADE INTEGRADA MAJOR JOSE AUGUSTO MOCHEL,42,1216,"{u'ze': 90, u'local': 1082}",1082
0.44882860665844637,-2.75228,90,ESTIVA,-44.34746,364,14,811,UNIDADE ESCOLAR ARIMATEIA CISNE,9,447,"{u'ze': 90, u'local': 1074}",1074
0.5185185185185185,-2.530367,3,ANGELIM VELHO,-44.238411,322,13,621,UNIDADE ESCOLAR DOUTOR NETO GUTERRES,24,299,"{u'ze': 3, u'local': 1589}",1589
0.5042955326460481,-2.54805,3,VILA PALMEIRA,-44.25366,1174,46,2328,C.E.  PIO XII,85,1154,"{u'ze': 3, u'local': 1490}",1490
0.5275280898876404,-2.54177,3,VILA PALMEIRA,-44.25941,1878,63,3560,ESCOLA MILITAR TIRADENTES,141,1682,"{u'ze': 3, u'local': 1481}",1481
0.6069031639501438,-2.65928,90,RIO GRANDE,-44.29214,633,14,1043,UNIDADE INTEGRADA RIO GRANDE,26,410,"{u'ze': 90, u'local': 1287}",1287
0.5654329946782777,-2.575,89,CIDADE OPERARIA,-44.21044,4675,158,8268,UEMA - UNIVERSIDADE ESTADUAL DO MARANHAO,315,3593,"{u'ze': 89, u'local': 1457}",1457
0.5305343511450382,-2.55703,3,SANTO ANTONIO,-44.24724,1251,40,2358,LARA RIBAS (ANTIGO U. I.  ODILO COSTA FILHO),83,1107,"{u'ze': 3, u'local': 1473}",1473
0.5955882352941176,-2.650729,89,TAJIPURU,-44.179544,243,4,408,UEB PROTEÇÃO DE JESUS,5,165,"{u'ze': 89, u'local': 1481}",1481
0.560688192316757,-2.52858,3,BEQUIMAO,-44.24678,2379,108,4243,CEEFM MANOEL BECKMAN,180,1864,"{u'ze': 3, u'local': 1406}",1406
0.47842615472343664,-2.53317,1,CENTRO,-44.29101,2517,112,5261,COMPLEXO EDUCACIONAL EDSON LOBAO,193,2744,"{u'ze': 1, u'local': 1848}",1848
0.5319715808170515,-2.546509,3,VILA PALMEIRA,-44.25367,1198,43,2252,COLÉGIO MILITAR DOIS DE JULHO - BOMBEIROS,77,1054,"{u'ze': 3, u'local': 1392}",1392
0.4990573660113116,-2.499848,76,RENASCENCA,-44.286771,3706,133,7426,COLÉGIO DOM BOSCO,235,3720,"{u'ze': 76, u'local': 1201}",1201
0.548372911169745,-2.54512,3,VILA PALMEIRA,-44.25294,1247,32,2274,NEWTON NEVES (MUDOU-SE PARA O BACELAR PORTELA - PRÓXIMO AO DETRAN),76,1027,"{u'ze': 3, u'local': 1376}",1376
0.5295454545454545,-2.52891,1,CENTRO,-44.2932,466,9,880,UNIDADE INTEGRADA ALBERTO PINHEIRO,28,414,"{u'ze': 1, u'local': 2011}",2011
0.46614069690992765,-2.553026,3,FILIPINHO,-44.26225,709,24,1521,SISTEMA EDUCACIONAL MASTER,43,812,"{u'ze': 3, u'local': 1333}",1333
0.592332268370607,-2.57209,10,SAO CRISTOVAO,-44.23041,927,22,1565,UNIDADE INTEGRADA PROF. CARLOS CUNHA,43,638,"{u'ze': 10, u'local': 2020}",2020
0.5682527301092044,-2.57554,10,SAO CRISTOVAO,-44.23601,1457,42,2564,UNIDADE INTEGRADA FORCA AEREA BRASILEIRA,56,1107,"{u'ze': 10, u'local': 1996}",1996
0.5320041972717734,-2.50198,88,TURULADO super. MATEUS,-44.2234,1014,36,1906,CENTRO DE ENSINO MEDIO PAULO FREIRE,71,892,"{u'ze': 88, u'local': 1147}",1147
0.4384867441167709,-2.585319,89,CIDADE OLIMPICA,-44.183044,1472,48,3357,UNIDADE INTEGRADA CIDADE OLIMPICA,86,1885,"{u'ze': 89, u'local': 1325}",1325
0.5026109660574413,-2.53727,3,ALEMANHA,-44.26968,385,15,766,UNID. EDUCACIONAL BÁSICA  MIGUEL LINS,28,381,"{u'ze': 3, u'local': 1279}",1279
0.47851772287862515,-2.53643,3,ALEMANHA,-44.26913,891,31,1862,UNIDADE DE EDUCAÇÃO BÁSICA - LUÍS VIANA,78,971,"{u'ze': 3, u'local': 1171}",1171
0.5967270601987142,-2.56759,91,VILA EMBRATEL,-44.31142,1021,24,1711,UNIDADE INTEGRADA HENRIQUE DE LA ROQUE,30,690,"{u'ze': 91, u'local': 1350}",1350
0.5417095777548918,-2.61918,90,TIBIRI,-44.24261,526,24,971,UNIDADE INTEGRADA FRANCISCO DE ASSIS SOUSA,22,445,"{u'ze': 90, u'local': 1457}",1457
0.5239752513534416,-2.49897,88,DIVINEIA,-44.21915,1355,34,2586,UNIDADE INTEGRADA PROFESSOR RONALDO CARVALHO,67,1231,"{u'ze': 88, u'local': 1120}",1120
0.47972508591065294,-2.54251,3,JOAO PAULO,-44.27408,698,20,1455,UNIDADE INTEGRADA DUQUE DE CAXIAS,39,757,"{u'ze': 3, u'local': 1155}",1155
0.6100551808706315,-2.56967,91,VILA EMBRATEL,-44.30947,995,21,1631,NÚCLEO DE EXTENSÃO DA VILA EMBRATEL,27,636,"{u'ze': 91, u'local': 1422}",1422
0.48402948402948404,-2.541593,10,CRUZEIRO DO ANIL,-44.231821,591,22,1221,COLEGIO BRASIL,40,630,"{u'ze': 10, u'local': 1511}",1511
0.5058479532163743,-2.53827,10,CRUZEIRO DO ANIL,-44.23474,1038,35,2052,U. I. VIRIATO CORREA,54,1014,"{u'ze': 10, u'local': 1708}",1708
0.5453172205438066,-2.57575,89,CIDADE OPERARIA,-44.19855,1805,75,3310,CENTRO DE ENSINO CIDADE OPERARIA I - CEM I,115,1505,"{u'ze': 89, u'local': 1350}",1350
0.5865034733708236,-2.527559,3,BEQUIMAO,-44.245591,1773,61,3023,U. I.  RUBEM DE ALMEIDA,86,1250,"{u'ze': 3, u'local': 1414}",1414
0.48921933085501856,-2.495187,88,VILA LUIZAO,-44.209919,658,15,1345,UNIAO DOS MORADORES DA VILA LUIZAO,24,687,"{u'ze': 88, u'local': 1180}",1180
0.5173150919196238,-2.54388,3,IVAR SALDANHA,-44.26542,1210,32,2339,CENTRO DE ENSINO MÉDIO COELHO NETO,72,1129,"{u'ze': 3, u'local': 1082}",1082
0.5224525043177893,-2.53855,3,CARATATIUA,-44.27047,605,23,1158,UNIDADE INTEGRADA SAGARANA II,43,553,"{u'ze': 3, u'local': 1317}",1317
0.39768339768339767,-2.524978,1,CENTRO,-44.299087,103,1,259,DNIT-DEPARTAMENTO NACIONAL DE INFRA-ESTRUTURA DE TRANSPORTES,14,156,"{u'ze': 1, u'local': 1325}",1325
0.5816091954022988,-2.67594,90,ITAPERA,-44.27213,759,24,1305,ESCOLA MUNICIPAL SAO JOSE,22,546,"{u'ze': 90, u'local': 1406}",1406
0.5645773979107312,-2.54503,10,ANIL,-44.239057,2378,71,4212,COLEGIO SA VALE,120,1834,"{u'ze': 10, u'local': 1660}",1660
0.4937679769894535,-2.5930742,89,VILA JANAINA,-44.1902226,1545,45,3129,UEB ROSENO DE JESUS MENDES,80,1584,"{u'ze': 89, u'local': 1473}",1473
0.5024582104228122,-2.54932,3,SANTA CRUZ,-44.24741,511,13,1017,U. E. BÁSICO JOSÉ ASSUB,36,506,"{u'ze': 3, u'local': 1546}",1546
0.6881472957422324,-2.563419,2,PARQUE TIMBIRAS,-44.274564,2392,48,3476,UEB PROF. JOÃO LIMA SOBRINHO,72,1084,"{u'ze': 2, u'local': 1767}",1767
0.5695594125500667,-2.75828,90,PEDRINHAS,-44.3535,2133,44,3745,UNIDADE INTEGRADA JOSE GONCALVES DO AMARAL RAPOSO,52,1612,"{u'ze': 90, u'local': 1090}",1090
0.6894770819883796,-2.567521,2,COROADINHO,-44.268012,1068,25,1549,JARDIM DE INFÂNCIA CEPEQUINHO,26,481,"{u'ze': 2, u'local': 1708}",1708
0.4767676767676768,-2.53366,1,CENTRO,-44.29912,472,13,990,ESCOLA JUSTO JANSEN,27,518,"{u'ze': 1, u'local': 1376}",1376
0.6116295764536971,-2.57031,10,JARDIM SAO CRISTOVAO,-44.21758,852,27,1393,ESCOLA COMUNITARIA MARLY SARNEY,44,541,"{u'ze': 10, u'local': 1937}",1937
0.5014084507042254,-2.62453,90,MARACANA,-44.29535,356,9,710,ESCOLA COMUNITARIA VITORIA DE SOUSA,13,354,"{u'ze': 90, u'local': 1163}",1163
0.6843275287143387,-2.5656,2,COROADINHO,-44.26535,1847,36,2699,UNIDADE ESCOLAR PROF RUBEM ALMEIDA,46,852,"{u'ze': 2, u'local': 1660}",1660
0.42457689477557026,-2.5089,1,SAO FRANCISCO,-44.30741,1154,28,2718,UNIDADE INTEGRADA ROSEANA SARNEY MURAD,68,1564,"{u'ze': 1, u'local': 2240}",2240
0.5689407540394973,-2.54659,88,COHAB ANIL IV,-44.2136,3169,106,5570,COLEGIO ALMIRANTE TAMANDARE,280,2401,"{u'ze': 88, u'local': 1015}",1015
0.4646153846153846,-2.594008,89,CIDADE OLIMPICA,-44.180139,906,30,1950,UNIÃO DE MULHERES DA CIDADE OLIMPICA - ESCOLA ALEGRIA DO SABER,56,1044,"{u'ze': 89, u'local': 1589}",1589
0.5575054841742401,-2.57729,10,SAO CRISTOVAO,-44.24022,1779,49,3191,CEM- SÃO CRISTOVÃO,86,1412,"{u'ze': 10, u'local': 1791}",1791
0.5224242424242425,-2.553936,3,SANTO ANTONIO,-44.246419,431,14,825,ASSOC. ESPÍRITA LAR DE JOSÉ,23,394,"{u'ze': 3, u'local': 1457}",1457
0.46285714285714286,-2.545929,2,JOAO PAULO,-44.270087,243,10,525,UNIDADE ESCOLAR MAL. CASTELO BRANCO,14,282,"{u'ze': 2, u'local': 1570}",1570
0.5538283062645012,-2.56341,91,ANJO DA GUARDA,-44.33309,2387,51,4310,COLEGIO CEMA,106,1923,"{u'ze': 91, u'local': 1015}",1015
0.47180301826846704,-2.531021,1,DIAMANTE,-44.291157,594,22,1259,FOMENTO AGRICOLA,43,665,"{u'ze': 1, u'local': 2062}",2062
0.48564496562879095,-2.545289,2,JOAO PAULO,-44.271233,1201,42,2473,COLEGIO SAO VICENTE DE PAULO,86,1272,"{u'ze': 2, u'local': 1279}",1279
0.5807164971251658,-2.56182,91,ANJO DA GUARDA,-44.32878,1313,36,2261,ESCOLA COMUNITARIA CRIAMOR,43,948,"{u'ze': 91, u'local': 1244}",1244
0.5669427191166322,-2.513372,76,VINHAIS,-44.251584,1643,55,2898,UNIDADE INTEGRADA PROF.JOSÉ DO NASCIMENTO MORAES,89,1255,"{u'ze': 76, u'local': 1147}",1147
0.45844044558697516,-2.540549,1,CENTRO,-44.29342,2140,64,4668,GRUPO ESCOLAR SOUSANDRADE,141,2528,"{u'ze': 1, u'local': 2003}",2003
0.5217391304347826,-2.532983,1,CENTRO,-44.295551,552,15,1058,UVA - FUNDAÇÃO UNIVERSIDADE ESTADUAL VALE DO ACARAÚ,36,506,"{u'ze': 1, u'local': 2127}",2127
0.6021756021756022,-2.6104,90,MARACANA,-44.24759,775,22,1287,COLEGIO PROFESSOR RAIMUNDO LOPES,27,512,"{u'ze': 90, u'local': 1155}",1155
0.7340247574439612,-2.59805,89,SANTA CLARA,-44.19915,2194,30,2989,UEB SANTA CLARA,59,795,"{u'ze': 89, u'local': 1333}",1333
0.48651564185544766,-2.53479,1,CENTRO,-44.29633,451,9,927,SERVICO NAC DE APREND COMERCIAL-SENAC,36,476,"{u'ze': 1, u'local': 1937}",1937
0.5331529093369418,-2.567184,89,CIDADE OPERARIA,-44.199446,788,36,1478,UEB TANCREDO NEVES,66,690,"{u'ze': 89, u'local': 1520}",1520
0.5528822055137844,-2.50938,76,COHAFUMA,-44.26966,1103,39,1995,UNIDADE ESCOLAR GOVERNADOR JOSE MURAD,87,892,"{u'ze': 76, u'local': 1287}",1287
0.4437869822485207,-2.540335,1,CENTRO,-44.293967,150,5,338,COA-CENTRO DE ORIENTACAO ANONIMA,13,188,"{u'ze': 1, u'local': 1996}",1996
0.47941176470588237,-2.526713,1,CENTRO,-44.299958,652,19,1360,ESCOLA MODELO BENEDITO LEITE,42,708,"{u'ze': 1, u'local': 1368}",1368
0.5066904549509367,-2.54213,2,bairro de FáTIMA,-44.28131,568,16,1121,UNIDADE ESCOLAR HUMBERTO DE CAMPOS,27,553,"{u'ze': 2, u'local': 1511}",1511
0.556118754525706,-2.555657,3,SACAVEM,-44.256323,768,23,1381,UNIDADE ESCOLAR JOSUE MONTELLO,30,613,"{u'ze': 3, u'local': 1554}",1554
0.5504201680672269,-2.542329,10,COHAB ANIL III (POP CENTER),-44.219359,1310,44,2380,U. I. JOAQUIM GOMES,99,1070,"{u'ze': 10, u'local': 1562}",1562
0.6858120958539369,-2.56557,2,COROADINHO,-44.267221,1803,37,2629,C.E. DORILENE SILVA CASTRO,48,826,"{u'ze': 2, u'local': 1775}",1775
0.5127250155183116,-2.53851,3,ALEMANHA,-44.26869,826,29,1611,CEM - MARGARIDA PIRES LEAL (IEMA),63,785,"{u'ze': 3, u'local': 1104}",1104
0.46993210475266733,-2.508033,1,RENASCENCA,-44.294701,969,30,2062,UNIDADE INTEGRADA RENASCENÇA,62,1093,"{u'ze': 1, u'local': 2178}",2178
0.74,-2.672116,90,RIO DOS CACHORROS,-44.339769,111,4,150,CENTRO DE LEITURA ESPAÇO DO SABER,3,39,"{u'ze': 90, u'local': 1333}",1333
0.5024390243902439,-2.491459,88,DIVINEIA,-44.217567,309,11,615,U.E.B. PROF. JOÃO DE SOUZA GUIMARAES,14,306,"{u'ze': 88, u'local': 1236}",1236
0.47964470762398226,-2.75768,90,ESTIVA,-44.35142,648,24,1351,ESCOLA COMUNITARIA SALIM BRAIDE,19,703,"{u'ze': 90, u'local': 1490}",1490
0.41346153846153844,-2.53356,2,MONTE CASTELO,-44.28422,645,28,1560,CENTRO DE ENSINO MEDIO FERNANDO PERDIGAO,49,915,"{u'ze': 2, u'local': 1724}",1724
0.6124785346307956,-2.571608,10,JARDIM SAO CRISTOVAO,-44.222771,1070,34,1747,CENTRO DE ENSINO ANEXO JARDIM SAO CRISTOVAO,53,677,"{u'ze': 10, u'local': 1953}",1953
0.5569272976680384,-2.61349,89,SANTA BARBARA,-44.21668,406,7,729,UNIDADE ESCOLAR SANTA BARBARA - CEMA,4,323,"{u'ze': 89, u'local': 1023}",1023
0.5680786686838124,-2.57337,89,CIDADE OPERARIA,-44.198137,1502,40,2644,UNIDADE INTEGRADA MARIA JOSÉ ARAGÃO,78,1142,"{u'ze': 89, u'local': 1260}",1260
0.5793147208121827,-2.55947,10,JOAO DE DEUS,-44.22977,1826,71,3152,U I MARIA JOSE VAZ DOS SANTOS,101,1326,"{u'ze': 10, u'local': 1732}",1732
0.4812286689419795,-2.537943,1,CENTRO,-44.291124,564,17,1172,DELEGACIA DO MINISTERIO DAS COMUNICACOES,32,608,"{u'ze': 1, u'local': 1988}",1988
0.5693196405648266,-2.522939,76,TURUARIRIZAL/JD.ELDORADO/m.andreaza,-44.226054,887,31,1558,U. E. B. DRA. MARIA ALICE COUTINHO,68,671,"{u'ze': 76, u'local': 1368}",1368
0.4594931449937682,-2.507484,1,SAO FRANCISCO,-44.301348,1106,33,2407,COLEGIO NOVO MUNDO,86,1301,"{u'ze': 1, u'local': 2160}",2160
0.5595611285266457,-2.54623,10,ANIL,-44.240506,357,11,638,U. I. PADRE ANTONIO VIEIRA,15,281,"{u'ze': 10, u'local': 1031}",1031
0.5904816186947849,-2.53945,88,COHAB ANIL IV,-44.21585,2072,68,3509,UNIDADE INTEGRADA  DR GERALDO MELO,163,1437,"{u'ze': 88, u'local': 1031}",1031
0.4990512333965844,-2.742322,90,VILA SAMARA,-44.348083,263,3,527,U. I. FERNAO DE MAGALHAES,5,264,"{u'ze': 90, u'local': 1341}",1341
0.5106294289287203,-2.494951,88,VILA LUIZAO,-44.20981,1225,27,2399,UNIDADE ESCOLAR GOVERNADOR LEONEL BRIZOLA,47,1174,"{u'ze': 88, u'local': 1228}",1228
0.4847457627118644,-2.53895,3,CARATATIUA,-44.27066,715,24,1475,UNIDADE ESCOLAR SAGARANA I,54,760,"{u'ze': 3, u'local': 1198}",1198
0.5594095940959409,-2.552908,10,AURORA,-44.224176,1516,56,2710,SEMINARIO CRISTAO EVANGELICO DO NORTE,91,1194,"{u'ze': 10, u'local': 1074}",1074
0.5610635421360973,-2.52445,3,MARANHAO NOVO,-44.24978,1245,50,2219,COLÉGIO ADVENTISTA DE SÃO LUÍS,108,974,"{u'ze': 3, u'local': 1449}",1449
0.5269913174782936,-2.549767,10,ANIL,-44.239293,1396,39,2649,INSTITUTO DIVINA PASTORA,87,1253,"{u'ze': 10, u'local': 1023}",1023
0.44120603015075377,-2.53341,2,MONTE CASTELO,-44.28065,1756,75,3980,UNIDADE INTEGRADA BARBOSA DE GODOIS,159,2224,"{u'ze': 2, u'local': 1635}",1635
0.4866369710467706,-2.55042,2,bairro de FáTIMA,-44.28268,437,16,898,UNIDADE INTEGRADA ROSARIO NINA,19,461,"{u'ze': 2, u'local': 1597}",1597
0.42704626334519574,-2.52666,1,LIBERDADE,-44.28512,240,13,562,UEB-UNID. DE EDUCAÇÃO BÁSICA - DAYSE LINHARES DE SOUZA,20,322,"{u'ze': 1, u'local': 2151}",2151
0.6562874251497006,-2.508973,76,VILA VICENTE FIALHO,-44.240055,2192,57,3340,UNIDADE DE EDUCAÇÃO BÁSICA OLINDA DESTERRO,89,1148,"{u'ze': 76, u'local': 1198}",1198
0.5761523046092184,-2.560667,10,JOAO DE DEUS,-44.228961,1150,36,1996,ESCOLA COMUNITARIA JOAO DE DEUS,48,846,"{u'ze': 10, u'local': 1546}",1546
0.59026369168357,-2.557845,90,SACAVEM,-44.254466,1164,36,1972,COLEGIO JOSUEH MONTELO,46,808,"{u'ze': 90, u'local': 1180}",1180
0.4129277566539924,-2.54024,1,CENTRO,-44.29806,1086,27,2630,UNIDADE INTEGRADA JOSE GIORCELLI COSTA,57,1544,"{u'ze': 1, u'local': 1821}",1821
0.5621621621621622,-2.58228,89,CIDADE OPERARIA,-44.19892,1664,54,2960,UEB PROFESSOR MATA ROMA,94,1296,"{u'ze': 89, u'local': 1430}",1430
0.676510067114094,-2.56265,2,COROADINHO,-44.26511,504,18,745,UNIDADE DE EDUCAÇÃO BÁSICA MARIA AMÉLIA PROFETA,10,241,"{u'ze': 2, u'local': 1694}",1694
0.5239190432382704,-2.546005,3,RADIONAL,-44.251653,1139,40,2174,C.E. ESTADO DO RIO GRANDE DO NORTE,90,1035,"{u'ze': 3, u'local': 1465}",1465
0.5329871716554673,-2.53883,10,COHAB ANIL III (POP CENTER),-44.22141,1745,67,3274,U. I. ARNALDO FERREIRA,116,1529,"{u'ze': 10, u'local': 1112}",1112
0.5965331739390317,-2.59685,90,SAO RAIMUNDO,-44.22917,1996,46,3346,UNIDADE INTEGRADA SAO RAIMUNDO,80,1350,"{u'ze': 90, u'local': 1465}",1465
0.47668393782383417,-2.48814,88,SOL E MAR,-44.2161,1104,38,2316,UNIDADE ESCOLAR EMESIO DARIO DE ARAUJO,36,1212,"{u'ze': 88, u'local': 1112}",1112
0.4317681584739545,-2.5253,1,CAMBOA,-44.29119,1177,42,2726,CENTRO DE ENSINO MEDIO NERVAL LEBRE SANTIAGO - CEM,74,1549,"{u'ze': 1, u'local': 2216}",2216
0.5177045177045178,-2.55305,2,COROADO,-44.26938,424,8,819,JARDIM DE INFANCIA ROSA MOCHEL,21,395,"{u'ze': 2, u'local': 1430}",1430
0.4696969696969697,-2.53337,2,MONTE CASTELO,-44.28445,434,17,924,ESCOLA SANTA TEREZINHA-ANEXO DO MARIO ANDREAZA,31,490,"{u'ze': 2, u'local': 1643}",1643
0.5362068965517242,-2.52959,3,MARANHAO NOVO,-44.25176,1244,34,2320,U. E. ECILDA RAMOS DE SOUSA,66,1076,"{u'ze': 3, u'local': 1511}",1511
0.5067024128686327,-2.54295,3,VILA PALMEIRA,-44.26509,945,28,1865,CENTRO DE ENSINO MÉDIO - DR. JOÃO BACELAR PORTELA -  AO LADO DO DETRAN,62,920,"{u'ze': 3, u'local': 1325}",1325
0.490211433046202,-2.529488,1,CENTRO,-44.294332,1252,51,2554,CENTRO DE ENSINO MEDIO LICEU MARANHENSE,95,1302,"{u'ze': 1, u'local': 2100}",2100
0.4166666666666667,-2.511039,76,JARACATI,-44.290045,60,5,144,U. E. B. PEDRO MARCOSINI BERTOL,3,84,"{u'ze': 76, u'local': 1384}",1384
0.42039800995024873,-2.503187,1,SAO FRANCISCO,-44.308246,676,15,1608,U. E. CRIANÇA FELIZ,40,932,"{u'ze': 1, u'local': 2259}",2259
0.5231006160164271,-2.53685,3,ALEMANHA,-44.26942,1019,42,1948,UNID. INTEGRADA ANA ADELAIDE BELO (SESI),80,929,"{u'ze': 3, u'local': 1031}",1031
0.44208289054197664,-2.52949,1,LIBERDADE,-44.28419,1664,70,3764,UNIDADE INTEGRADA ESTADO DO PARA,106,2100,"{u'ze': 1, u'local': 2194}",2194
0.5349378881987578,-2.538964,88,RES PRIMAVERA(COHATRAC),-44.198685,689,21,1288,UNIDADE DE EDUCAÇÃO BASICA PRIMAVERA,59,599,"{u'ze': 88, u'local': 1244}",1244
0.5267727930535456,-2.64906,89,TAJIPURU,-44.17882,364,6,691,UNIDADE INTEGRADA HONORIO ODORICO FERREIRA,5,327,"{u'ze': 89, u'local': 1228}",1228
0.41701631701631703,-2.52462,1,LIBERDADE,-44.28547,1789,64,4290,UNIDADE INTEGRADA MARIO ANDREAZZA,91,2501,"{u'ze': 1, u'local': 2208}",2208
0.47270007479431564,-2.547177,3,JORDOA,-44.267192,632,22,1337,UNIDADE ESCOLAR ESTADO DE SAO PAULO,57,705,"{u'ze': 3, u'local': 1309}",1309
0.5245901639344263,-2.495875,76,CALHAU,-44.248327,1056,46,2013,COLÉGIO CIÊNCIAS,74,957,"{u'ze': 76, u'local': 1350}",1350
0.48155737704918034,-2.53484,2,MONTE CASTELO,-44.27872,705,32,1464,SERVICO NAC DE APREND INDUSTRIAL-SENAI,58,759,"{u'ze': 2, u'local': 1244}",1244
0.6783042394014963,-2.55803,3,SACAVEM,-44.26082,272,9,401,UNIDADE INTEGRADA DARCY RIBEIRO,14,129,"{u'ze': 3, u'local': 1562}",1562
0.6625536480686696,-2.558908,2,SACAVEM,-44.264313,1235,24,1864,ESCOLA PAROQUIAL FREI ALBERTO,40,629,"{u'ze': 2, u'local': 1678}",1678
0.4323587710604559,-2.51266,1,SAO FRANCISCO,-44.30533,1745,52,4036,UNIDADE  INTEGRADA DES.  SARNEY,104,2291,"{u'ze': 1, u'local': 2232}",2232
0.45665236051502145,-2.532329,1,CENTRO,-44.296457,532,13,1165,COLEGIO DOM BOSCO,23,633,"{u'ze': 1, u'local': 1244}",1244
0.7172413793103448,-2.558682,91,ANJO DA GUARDA,-44.338414,104,1,145,UNIDADE INTEGRADA SEVERIANO DE SOUSA LIMA,6,41,"{u'ze': 91, u'local': 1430}",1430
0.5440931780366056,-2.53877,88,COHATRAC,-44.20299,1962,68,3606,UNIDADE INTEGRADA PADRE NEWTON PEREIRA,157,1644,"{u'ze': 88, u'local': 1040}",1040
0.43489861259338314,-2.51475,1,SAO FRANCISCO,-44.307089,1630,51,3748,UNIDADE DE EDUCAÇÃO BÁSICA MONSENHOR FREDERICO CHAVES,96,2118,"{u'ze': 1, u'local': 2224}",2224
0.5371900826446281,-2.551214,10,ANIL,-44.241053,455,25,847,COLEGIO STENIO AVELAR,34,392,"{u'ze': 10, u'local': 1554}",1554
0.494,-2.53608,2,MONTE CASTELO,-44.27754,988,31,2000,INSTITUTO FEDERAL DE EDUCAÇÃO TECNOLÓGICA DO MARANHÃO,82,1012,"{u'ze': 2, u'local': 1228}",1228
0.5394866732477789,-2.548395,10,ANIL,-44.238824,1093,36,2026,CEST FACULDADE SANTA TERESINHA,87,933,"{u'ze': 10, u'local': 1058}",1058
0.5435696273465956,-2.54057,88,COHATRAC,-44.20709,1940,57,3569,CENAZA (SUBSTITUINDO ESC MARIA PINHO),174,1629,"{u'ze': 88, u'local': 1058}",1058
0.5673166202414113,-2.56872,89,CIDADE OPERARIA,-44.20566,1833,58,3231,CENTRO DE ENSINO CIDADE OPERARIA II - CEM II,135,1398,"{u'ze': 89, u'local': 1341}",1341
0.47818791946308725,-2.53702,3,ALEMANHA,-44.27434,285,8,596,CIEP - ALBERICO SILVA,15,311,"{u'ze': 3, u'local': 1341}",1341
0.5057568098848638,-2.546126,2,JOAO PAULO,-44.269773,1801,67,3561,COLEGIO BATISTA DANIEL DE LA TOUCHE,111,1760,"{u'ze': 2, u'local': 1260}",1260
0.5723651033787192,-2.53606,88,COHAB ANIL I,-44.2212,1135,27,1983,UNIDADE ESCOLAR JULIO DE MESQUITA FILHO,92,848,"{u'ze': 88, u'local': 1163}",1163
0.41616349280074316,-2.53572,1,CENTRO,-44.29796,896,24,2153,COLEGIO SOTERO DOS REIS,67,1257,"{u'ze': 1, u'local': 1147}",1147
0.521608417888012,-2.54671,2,bairro de FáTIMA,-44.28349,1388,40,2661,GRUPO ESCOLAR ESTADO DO AMAZONAS,77,1273,"{u'ze': 2, u'local': 1392}",1392
0.5058910162002945,-2.55271,2,COROADO,-44.27076,687,16,1358,UNIDADE INTEGRADA CAMELIA COSTA VIVEIRO,29,671,"{u'ze': 2, u'local': 1449}",1449
0.49209486166007904,-2.550255,2,JORDOA,-44.265649,747,35,1518,SEST/SENAT,37,771,"{u'ze': 2, u'local': 1627}",1627
0.555103550295858,-2.54721,2,bairro de FáTIMA,-44.28576,1501,41,2704,CENTRO INTER-ESC DR ANTONIO DINO,78,1203,"{u'ze': 2, u'local': 1341}",1341
0.4607190412782956,-2.759489,90,ESTIVA,-44.355675,346,12,751,UNIDADE DE EDUCAÇÃO BÁSICA EVANDRO BESSA,7,405,"{u'ze': 90, u'local': 1376}",1376
0.5305223410950283,-2.49065,88,DIVINEIA,-44.21657,1686,47,3178,COLEGIO EFRAIM,66,1492,"{u'ze': 88, u'local': 1171}",1171
0.5818540433925049,-2.567886,91,VILA EMBRATEL,-44.311506,295,11,507,UNIDADE INTEGRADA ROSA MOCHEL MARTINS,12,212,"{u'ze': 91, u'local': 1406}",1406
0.5121806298276886,-2.54183,2,bairro de FáTIMA,-44.28032,862,38,1683,UNIDADE ESCOLAR GAL. ARTHUR CARVALHO-CEMA,49,821,"{u'ze': 2, u'local': 1368}",1368
0.5459057071960298,-2.563143,3,VILA LOBAO,-44.24263,660,18,1209,U E THOMAZ DE AQUINO ANDRADE,24,549,"{u'ze': 3, u'local': 1422}",1422
0.48473812001387445,-2.54159,2,bairro de FáTIMA,-44.28002,2795,110,5766,COLEGIO GONCALVES DIAS,141,2971,"{u'ze': 2, u'local': 1376}",1376
0.4240451388888889,-2.53997,2,MONTE CASTELO,-44.28136,977,38,2304,GRUPO ESCOLAR GOV MATOS CARVALHO,66,1327,"{u'ze': 2, u'local': 1252}",1252
0.5361842105263158,-2.54837,3,RIO ANIL,-44.24788,815,36,1520,UNIVERSIDADE CEUMA-CAMPUS ANIL/SEC ANT LARA RIBAS,76,705,"{u'ze': 3, u'local': 1570}",1570
0.7113300492610838,-2.569335,2,COROADINHO,-44.272018,722,16,1015,UNIAO DE MORADORES DA VILA DOS FRADES,31,293,"{u'ze': 2, u'local': 1686}",1686
0.550749569918899,-2.50137,88,HABITACIONAL TURU,-44.22377,2241,78,4069,UNIDADE INTEGRADA JOAO PAULO II,128,1828,"{u'ze': 88, u'local': 1104}",1104
0.5463414634146342,-2.55304,2,COROADO,-44.27045,112,9,205,JARDIM DE INFANCIA NADIR MORAES,2,93,"{u'ze': 2, u'local': 1422}",1422
0.5139972464433227,-2.538992,10,CRUZEIRO DO ANIL,-44.229569,1120,28,2179,U. E.  MARIA DO CARMO ABREU DA SILVEIRA,72,1059,"{u'ze': 10, u'local': 1694}",1694
0.5166002656042497,-2.574365,89,SANTA EFIGENIA,-44.191359,778,27,1506,UNIDADE INTEGRADA 1º DE MAIO,45,728,"{u'ze': 89, u'local': 1562}",1562
0.6735094998908059,-2.557931,2,COROADINHO,-44.265791,3084,61,4579,FUNDACAO BRADESCO,79,1495,"{u'ze': 2, u'local': 1651}",1651
0.5216105550500455,-2.54605,10,ANIL,-44.23751,2293,77,4396,CENTRO INTEGRADO DO RIO ANIL - CINTRA,150,2103,"{u'ze': 10, u'local': 1783}",1783
0.5578231292517006,-2.496812,76,COHAJAP,-44.237816,2214,69,3969,FACULDADE PITÁGORAS,184,1755,"{u'ze': 76, u'local': 1473}",1473
0.4767870302137067,-2.52536,1,CAMBOA,-44.29089,647,17,1357,CENTRO EDUCACIONAL DE JOVENS E ADULTOS - CEJA,33,710,"{u'ze': 1, u'local': 2186}",2186
0.559040590405904,-2.55862,10,JOAO DE DEUS,-44.234165,606,22,1084,CEEFM - MARIA DO SOCORRO ALMEIDA,18,478,"{u'ze': 10, u'local': 1805}",1805
0.5448662640207075,-2.57412,89,CIDADE OPERARIA,-44.19555,1263,52,2318,UNIDADE INTEGRADA JOAO MARTINS,83,1055,"{u'ze': 89, u'local': 1120}",1120
0.5032010243277849,-2.54704,10,AURORA,-44.22994,393,18,781,UNIÃO DOS MORADORES DA AURORA-UMBA,31,388,"{u'ze': 10, u'local': 1899}",1899
0.5688800792864221,-2.56442,91,ANJO DA GUARDA,-44.33592,1148,28,2018,CENTRO DE ENSINO DO 2 GRAU,61,870,"{u'ze': 91, u'local': 1031}",1031
0.4913557779799818,-2.533911,3,ANGELIM,-44.26658,1080,38,2198,U. I.  HAYDEE CHAVES,88,1118,"{u'ze': 3, u'local': 1520}",1520
0.4891891891891892,-2.54607,10,COHAB ANIL III (POP CENTER),-44.22668,181,11,370,ESCOLA FREI DANIEL - CASA BRANCA,9,189,"{u'ze': 10, u'local': 1856}",1856
0.33710407239819007,-2.63321,89,TAJACOABA,-44.21728,149,2,442,UNIDADE ESCOLAR TEIXEIRA MOTA,9,293,"{u'ze': 89, u'local': 1163}",1163
0.5786163522012578,-2.55406,10,JOAO DE DEUS,-44.23642,276,5,477,ESCOLA FREI DANIEL - IGREJA N. SRA. CONCEIÇÃO,6,201,"{u'ze': 10, u'local': 1864}",1864
0.5279029462738302,-2.55641,91,BACANGA,-44.30934,1523,36,2885,UFMA - CENTRO DE CIÊNCIAS SOCIAIS,71,1362,"{u'ze': 91, u'local': 1082}",1082
0.488,-2.502398,76,RENASCENCA,-44.285085,305,22,625,UNIDADE UNICEUMA RENASCENÇA II,30,320,"{u'ze': 76, u'local': 1414}",1414
0.5536062378167641,-2.550442,10,COHAB ANIL III (POP CENTER),-44.219627,284,11,513,U. I. PROFº. RUBEM GOULART,28,229,"{u'ze': 10, u'local': 1830}",1830
0.5090252707581228,-2.52613,1,CENTRO,-44.29588,282,10,554,GRUPO ESCOLAR RAIMUNDO CORREA,32,272,"{u'ze': 1, u'local': 2089}",2089
0.5315860215053764,-2.57491,89,CIDADE OPERARIA,-44.19012,791,22,1488,CENTRO SOCIAL E COMUNITARIO VOVO ANALIA,47,697,"{u'ze': 89, u'local': 1236}",1236
0.5601313040883319,-2.56148,91,FUMACÊ,-44.33598,1877,53,3351,GRUPO ESCOLAR YBACANGA,84,1474,"{u'ze': 91, u'local': 1058}",1058
0.6484472049689441,-2.55283,10,FORQUILHA,-44.21518,1566,49,2415,U. I. ESTADO DE MATO GROSSO,87,849,"{u'ze': 10, u'local': 1970}",1970
0.6110526315789474,-2.57545,10,SAO CRISTOVAO,-44.2353,1161,35,1900,CENTRO EDUCACIONAL DO MARANHAO CEMA,48,739,"{u'ze': 10, u'local': 1988}",1988
0.4900271985494107,-2.526001,1,CENTRO,-44.302827,1081,35,2206,COLEGIO SANTA TEREZA,79,1125,"{u'ze': 1, u'local': 1228}",1228
0.5561904761904762,-2.57273,10,SAO CRISTOVAO,-44.23539,876,17,1575,COLEGIO MONSENHOR FELIPE CONDURU,38,699,"{u'ze': 10, u'local': 2003}",2003
0.7011596788581623,-2.56375,10,SAO BERNARDO,-44.21368,786,17,1121,ESCOLA COMUNITARIA NOSSA SENHORA APARECIDA,24,335,"{u'ze': 10, u'local': 2011}",2011
0.668,-2.56147,10,SAO BERNARDO,-44.21894,1169,26,1750,UNIDADE INTEGRADA ANA LUCIA CHAVES FECURY,40,581,"{u'ze': 10, u'local': 2038}",2038
0.49252693778241224,-2.55848,91,SA VIANA,-44.30692,1417,48,2877,UNIDADE ESCOLAR ANTONIO RIBEIRO DA SILVA,77,1460,"{u'ze': 91, u'local': 1260}",1260
0.4931506849315068,-2.505275,76,RENASCENCA,-44.286042,1008,24,2044,COLEGIO BATISTA,68,1036,"{u'ze': 76, u'local': 1163}",1163
0.6127450980392157,-2.508694,76,VILA VICENTE FIALHO,-44.239604,750,20,1224,ESCOLA COMUNITÁRIA SÃO CAMILO DE LELIS,37,474,"{u'ze': 76, u'local': 1317}",1317
0.5324357405140759,-2.52367,3,BEQUIMAO,-44.24607,435,30,817,ESCOLA DE CEGOS DO MARANHAO,39,382,"{u'ze': 3, u'local': 1430}",1430
0.5802845528455285,-2.512145,76,COHAMA,-44.249448,1142,35,1968,UNIDADE INTEGRADA MARIA FIRMINA DOS REIS,56,826,"{u'ze': 76, u'local': 1074}",1074
0.5584104145255224,-2.56186,91,ANJO DA GUARDA,-44.33165,1630,43,2919,INSTITUTO BOM PASTOR,70,1289,"{u'ze': 91, u'local': 1414}",1414
0.569701280227596,-2.511762,76,COHAMA,-44.2466,1602,39,2812,ESCOLA DOM PEDRO II/JARDIM DE INFÂNCIA - TIM TIM,103,1210,"{u'ze': 76, u'local': 1082}",1082
0.5831739961759083,-2.520187,76,RECANTO VINHAIS,-44.26961,915,17,1569,UNIDADE DE EDUCAÇÃO BÁSICA DR. OLIVEIRA ROMA,57,654,"{u'ze': 76, u'local': 1155}",1155
0.5416060517893512,-2.517344,76,VINHAIS,-44.261298,3723,110,6874,COMPLEXO EDUCACIONAL MARIA MÔNICA VALE,315,3151,"{u'ze': 76, u'local': 1171}",1171
0.6502202643171806,-2.509195,76,VILA VICENTE FIALHO,-44.241238,738,20,1135,UNIDADE ESCOLAR BÁSICA OLINDA DESTERRO INFANTIL,25,397,"{u'ze': 76, u'local': 1341}",1341
0.5073331337922777,-2.492841,76,CALHAU,-44.287104,1695,52,3341,COLEGIO SÃO MARCOS,119,1646,"{u'ze': 76, u'local': 1376}",1376
0.5059631369714492,-2.49098,76,DIVINEIA,-44.22669,1400,50,2767,ESCOLA VINICIUS DE MORAES,62,1367,"{u'ze': 76, u'local': 1422}",1422
0.5664335664335665,-2.532264,76,IPASE,-44.260472,1377,29,2431,COLEGIO DO IPASE,78,1054,"{u'ze': 76, u'local': 1430}",1430
0.48112338858195214,-2.48175,76,OLHO DAGUA,-44.22516,1045,31,2172,UNIDADE INTEGRADA DR CLARINDO SANTIAGO,49,1127,"{u'ze': 76, u'local': 1449}",1449
0.48502024291497975,-2.53247,3,ANGELIM,-44.23625,599,28,1235,ASSOC. DOS MORAD. DO CONJ. ANGELIM,51,636,"{u'ze': 3, u'local': 1538}",1538
0.6245025582717453,-2.555319,2,PARQUE TIMBIRAS,-44.270986,2197,49,3518,COOPERATIVA EDUCACIONAL DE SAO LUIS - COEDUC,78,1321,"{u'ze': 2, u'local': 1759}",1759
0.5144230769230769,-2.522387,76,COHAMA,-44.246567,214,12,416,UNICEUMA - CAMPUS COHAMA,14,202,"{u'ze': 76, u'local': 1457}",1457
0.5960973562736047,-2.54849,88,COHAB ANIL IV,-44.21536,2841,85,4766,COMPLEXO EDUCACIONAL  DE ENSINO  CIDADE DE SAO LUIS,187,1925,"{u'ze': 88, u'local': 1023}",1023
0.5162991371045063,-2.55337,3,FILIPINHO,-44.262877,1077,46,2086,GRUPO ESCOLAR GOVERNADOR ARCHER,61,1009,"{u'ze': 3, u'local': 1368}",1368
0.5560836501901141,-2.539534,88,RES PRIMAVERA(COHATRAC),-44.198469,2340,75,4208,UNIDADE INTEGRADA PRIMAVERA,223,1868,"{u'ze': 88, u'local': 1074}",1074
0.6535117056856188,-2.53411,3,RIO ANIL,-44.24733,977,23,1495,CEEFM - PROF. MARIA HELENA DUARTE,45,518,"{u'ze': 3, u'local': 1384}",1384
0.5642673521850899,-2.51608,88,TURULADO super. MATEUS,-44.22185,2195,79,3890,U. I. DE 1 GRAU COELHO NETO,133,1695,"{u'ze': 88, u'local': 1090}",1090
0.5378927911275416,-2.54766,10,COHAB ANIL III (POP CENTER),-44.22155,1746,62,3246,U I CONEGO RIBAMAR CARVALHO,132,1500,"{u'ze': 10, u'local': 1724}",1724
0.5503412969283277,-2.52429,88,COHAB TURU,-44.21688,645,27,1172,ASSOCIACAO BENEFICENTE DOS MORADORES DE MATOES TURU,49,527,"{u'ze': 88, u'local': 1201}",1201
0.5521706016755522,-2.51567,88,TURULADO super. MATEUS,-44.22162,725,32,1313,UNIDADE ESCOLAR SAO JOSE,49,588,"{u'ze': 88, u'local': 1198}",1198
0.4595682400292719,-2.60141,89,CIDADE OLIMPICA,-44.18313,1256,39,2733,UEB JOSE RIBAMAR BOGEIA,59,1477,"{u'ze': 89, u'local': 1422}",1422
0.6243802857976086,-2.56994,10,JARDIM SAO CRISTOVAO,-44.22423,2141,58,3429,UNIDADE INTEGRADA ANTONIO VIEIRA,103,1288,"{u'ze': 10, u'local': 1945}",1945
0.5367913148371531,-2.53753,88,COHATRAC II,-44.20552,890,32,1658,COLEGIO BOM PASTOR,114,768,"{u'ze': 88, u'local': 1210}",1210
0.5473411154345007,-2.500655,88,HABITACIONAL TURU,-44.223386,844,29,1542,CE PROFA ESTEFANIA ROSA DA SILVA (ANTIGO ROSEANA SARNEY),60,698,"{u'ze': 88, u'local': 1252}",1252
0.6290222772277227,-2.598,90,VILA ITAMAR,-44.24893,2033,40,3232,UNIDADE ESCOLAR PROFESSOR LUIS REGO,66,1199,"{u'ze': 90, u'local': 1279}",1279
0.43557582668187,-2.59234,89,CIDADE OLIMPICA,-44.18577,382,12,877,AMCOL - ASSOCIAÇÃO DE MORADORES DA CIDADE OLÍMPICA,12,495,"{u'ze': 89, u'local': 1465}",1465
0.5481969486823856,-2.53647,88,COHATRAC III,-44.19956,3162,96,5768,COMPLEXO EDUCACIONAL PROFESSOR BARJONAS LOBAO,316,2606,"{u'ze': 88, u'local': 1155}",1155
0.5583957690612604,-2.59538,89,SANTA BARBARA,-44.21223,1267,32,2269,UNIDADE ESCOLAR CRUZEIRO DE SANTA BARBARA,43,1002,"{u'ze': 89, u'local': 1015}",1015
0.42410714285714285,,89,,,190,5,448,,10,258,"{u'ze': 89, u'local': 1597}",1597
0.5409181636726547,-2.5741,89,CIDADE OPERARIA,-44.19609,1355,51,2505,CENTRO DE ENSINO JOSE JUSTINO PEREIRA,111,1150,"{u'ze': 89, u'local': 1112}",1112
0.5598791084246316,-2.58429,89,JARDIM AMERICA,-44.19783,1482,53,2647,UNIDADE INTEGRADA PEDRO ALVARES CABRAL,96,1165,"{u'ze': 89, u'local': 1210}",1210
0.5599565925122083,-2.56949,89,CIDADE OPERARIA,-44.20576,1032,26,1843,UNIDADE INTEGRADA EMBAIXADOR ARAUJO CASTRO - CAIC I,62,811,"{u'ze': 89, u'local': 1244}",1244
0.5931558935361216,-2.602521,89,VILA MAGRIL,-44.203411,780,21,1315,UEB GALILEU CLEMENTINO RAMOS SANTOS,30,535,"{u'ze': 89, u'local': 1503}",1503
0.5441640378548895,-2.583485,89,JARDIM AMERICA,-44.191543,345,12,634,UNIÃO DE MORADORES DO JARDIM AMERICA,15,289,"{u'ze': 89, u'local': 1287}",1287
0.5567748091603053,-2.58133,89,CIDADE OPERARIA,-44.19821,1167,37,2096,UEB PROFESSOR NASCIMENTO DE MORAES,77,929,"{u'ze': 89, u'local': 1295}",1295
0.5605095541401274,-2.527529,1,CENTRO,-44.306068,264,6,471,PREFEITURA MUNICIPAL DE SAO LUIS,12,207,"{u'ze': 1, u'local': 2119}",2119
0.6712962962962963,-2.561348,10,SAO BERNARDO,-44.221387,1450,32,2160,UNIDADE DE ENSINO BÁSICO PROFESSOR JOSÉ SILVA DA ROSA,60,710,"{u'ze': 10, u'local': 1961}",1961
0.5786713286713286,-2.603546,89,SANTA BARBARA,-44.211343,662,21,1144,UEB EVANDRO BESSA,20,482,"{u'ze': 89, u'local': 1406}",1406
0.5569655172413793,-2.574826,89,CIDADE OPERARIA,-44.206045,2019,85,3625,CENTRO DE ENSINO PAULO VI,95,1606,"{u'ze': 89, u'local': 1538}",1538
0.5579536370903277,-2.577018,89,CIDADE OPERARIA,-44.204865,698,21,1251,CENTRO DE ENSINO MENINO JESUS DE PRAGA,39,553,"{u'ze': 89, u'local': 1546}",1546
0.4830508474576271,-2.578047,89,CIDADE OPERARIA,-44.205119,285,12,590,UNIDADE INTEGRADA SANTA TEREZA,14,305,"{u'ze': 89, u'local': 1511}",1511
